Date,Mode,Category,Subcategory,Note,Amount,Income/Expense,Currency
20/09/2018 12:04:08,Cash,Transportation,Train,2 Place 5 to Place 0,30,Expense,INR
20/09/2018 12:03:15,Cash,Food,snacks,Idli medu Vada mix 2 plates,60,Expense,INR
19/09/2018,Saving Bank account 1,subscription,Netflix,1 month subscription,199,Expense,INR
17/09/2018 23:41:17,Saving Bank account 1,subscription,Mobile Service Provider,Data booster pack,19,Expense,INR
16/09/2018 17:15:08,Cash,Festivals,Ganesh Pujan,Ganesh idol,251,Expense,INR
15/09/2018 06:34:17,Credit Card,subscription,Tata Sky,Permanent Residence - Tata Play recharge,200,Expense,INR
14/09/2018 05:39:17,Cash,Transportation,auto,Place 2 station to Permanent Residence,50,Expense,INR
13/09/2018 21:35:15,Saving Bank account 1,Transportation,Train,2 Place 0 to Place 3,40,Expense,INR
13/09/2018 21:01:47,Credit Card,Other,,HBR 2 Months subscription,83,Expense,INR
13/09/2018 21:01:32,Cash,Food,Grocery,1kg atta,46,Expense,INR
13/09/2018,Saving Bank account 1,Small Cap fund 2,,,5000,Transfer-Out,INR
13/09/2018,Saving Bank account 1,Small cap fund 1,,,5000,Transfer-Out,INR
12/9/2018,Credit Card,subscription,Mobile Service Provider,Data booster pack,667,Expense,INR
11/9/2018,Saving Bank account 1,Food,Lunch,Home Food Delivery,650,Expense,INR
11/9/2018,Saving Bank account 1,Other,,From Family,3500,Income,INR
11/9/2018,Cash,Food,Milk,Half lit  milk,36,Expense,INR
10/9/2018,Cash,Food,Milk,Half lit  milk,36,Expense,INR
8/9/2018,Cash,Family,Pocket money,,40,Expense,INR
7/9/2018,Cash,Food,Milk,Half lit  milk,37,Expense,INR
7/9/2018,Saving Bank account 1,Equity Mutual Fund E,,,1000,Transfer-Out,INR
6/9/2018,Cash,Food,snacks,Amul butter,55,Expense,INR
5/9/2018,Cash,Apparel,Laundry,11 clothes ironing,77,Expense,INR
5/9/2018,Cash,Food,snacks,Chinese Bhel,30,Expense,INR
5/9/2018,Cash,Food,snacks,Shev Puri,40,Expense,INR
5/9/2018,Cash,Food,snacks,2 kachori,24,Expense,INR
5/9/2018,Saving Bank account 1,Food,Milk,Half lit  milk,36,Expense,INR
5/9/2018,Saving Bank account 1,Food,breakfast,Bread,18,Expense,INR
3/9/2018,Cash,Family,Pocket money,,2000,Expense,INR
1/9/2018,Saving Bank account 1,Public Provident Fund,,,12500,Transfer-Out,INR
1/9/2018,Equity Mutual Fund B,Saving Bank account 1,,,2000,Transfer-Out,INR
31/08/2018 15:12:20,Cash,Family,Pocket money,,1000,Expense,INR
31/08/2018 15:12:20,Cash,Gift,,farewell contribution,118,Expense,INR
31/08/2018 10:01:15,Credit Card,Food,Dinner,Domino's Pizza,510.85,Expense,INR
31/08/2018 09:27:28,Saving Bank account 1,Salary,,From workplace ,70255,Income,INR
31/08/2018 09:26:17,Cash,Food,Milk,Half lit  milk,36,Expense,INR
30/08/2018 21:10:24,Cash,Food,Sweets,Warna Srikhand pav kg,78,Expense,INR
30/08/2018 21:09:51,Cash,Household,Kirana,Supermart,343,Expense,INR
29/08/2018 12:21:49,Cash,Food,Grocery,Baking soda,27,Expense,INR
29/08/2018 12:21:49,Cash,Food,Ice cream,chocobar,15,Expense,INR
29/08/2018 12:11:41,Cash,Food,Milk,Half lit  milk,36,Expense,INR
28/08/2018 21:04:56,Saving Bank account 1,Dividend earned on Shares,,Astral Stocks,6.75,Income,INR
28/08/2018 19:16:09,Saving Bank account 1,Dividend earned on Shares,,Reliance Stocks,18,Income,INR
27/08/2018 21:30:16,Cash,Food,curd,Dahi 2 packets,20,Expense,INR
27/08/2018 10:52:51,Cash,Food,breakfast,2 plates poha,60,Expense,INR
27/08/2018 10:52:30,Cash,Food,Biscuits,Khari packet,45,Expense,INR
27/08/2018 10:52:09,Cash,Food,Milk,Half lit  milk,36,Expense,INR
26/08/2018 21:04:46,Saving Bank account 1,Interest,,interest paid,30,Income,INR
25/08/2018 21:04:46,Cash,Apparel,Laundry,13 clothes ironing,91,Expense,INR
24/08/2018 22:13:43,Credit Card,Food,Dinner,Home Food Delivery,1120,Expense,INR
24/08/2018 22:12:17,Saving Bank account 1,Other,,From Family,1000,Income,INR
24/08/2018 20:20:37,Cash,Food,Rajgira ladu,,20,Expense,INR
24/08/2018 20:17:09,Cash,Food,Milk,Half lit  milk,36,Expense,INR
24/08/2018 13:34:14,Cash,Festivals,Navratri,Ganpati+ navratri vargani,1000,Expense,INR
23/08/2018 21:29:52,Credit Card,Transportation,train,2 Place 2 to Place 3 : Sevagram express 3AC,1305.4,Expense,INR
23/08/2018 21:29:12,Credit Card,Transportation,train,2 Place 3 to Place 2 : Amritsar express 3AC,1205.4,Expense,INR
23/08/2018 19:55:33,Saving Bank account 1,Food,Lunch,Catering Service,60,Expense,INR
22/08/2018 22:31:36,Cash,Food,Milk,Half lit  milk,37,Expense,INR
22/08/2018,Saving Bank account 1,Life Insurance,,,11043,Transfer-Out,INR
21/08/2018 16:15:46,Cash,Food,Tea,cutting chai,12,Expense,INR
21/08/2018 16:15:20,Cash,Food,Milk,Half lit  milk,36,Expense,INR
19/08/2018,Saving Bank account 1,subscription,Netflix,1 month subscription,199,Expense,INR
17/08/2018 20:06:32,Saving Bank account 1,Food,curd,Dahi 2 packets,20,Expense,INR
17/08/2018 19:21:17,Cash,Food,Milk,Half lit  milk,36,Expense,INR
17/08/2018 12:40:28,Saving Bank account 1,Dividend earned on Shares,,Pidilite Stocks,22,Income,INR
16/08/2018 19:08:01,Credit Card,subscription,Tata Sky,Permanent Residence - Tata Play recharge,157,Expense,INR
15/08/2018 09:44:05,Cash,Food,Sweets,Warna Srikhand half kg,290,Expense,INR
15/08/2018 09:11:44,Cash,Food,flour mill,M D sure 4kg atta,216,Expense,INR
14/08/2018 10:59:46,Saving Bank account 1,Dividend earned on Shares,,ITC Stocks,124,Income,INR
14/08/2018 10:04:52,Cash,Family,Pocket money,,30,Expense,INR
14/08/2018 09:51:30,Cash,Food,snacks,Dahi,32,Expense,INR
14/08/2018 09:50:12,Cash,Household,Kirana,Toothpaste Patanjali,160,Expense,INR
14/08/2018 09:48:42,Cash,Apparel,Laundry,8 clothes ironing,56,Expense,INR
14/08/2018 09:46:54,Cash,Food,Ice cream,Vanila family pack,115,Expense,INR
13/08/2018 18:37:27,Cash,Household,Appliances,5 litres can Distilled water,100,Expense,INR
13/08/2018 18:36:01,Cash,Household,home decor,Brass Puja plate and diva,220,Expense,INR
13/08/2018 18:35:18,Cash,Food,Grocery,Half kg Lahsoon,45,Expense,INR
13/08/2018 18:33:36,Cash,Household,Kirana,Supermart,594,Expense,INR
13/08/2018 10:04:36,Cash,Food,Ice cream,Vanila cup,10,Expense,INR
13/08/2018 10:04:23,Cash,Food,Ice cream,chocobar,20,Expense,INR
13/08/2018,Saving Bank account 1,Small Cap fund 2,,,5000,Transfer-Out,INR
13/08/2018,Saving Bank account 1,Small cap fund 1,,,5000,Transfer-Out,INR
11/8/2018,Cash,Food,snacks,8 kachori,96,Expense,INR
10/8/2018,Cash,Family,Pocket money,,35,Expense,INR
7/8/2018,Saving Bank account 1,Equity Mutual Fund E,,,1000,Transfer-Out,INR
6/8/2018,Cash,Beauty,grooming,hair cut,100,Expense,INR
5/8/2018,Cash,Family,Pocket money,,100,Expense,INR
5/8/2018,Cash,Food,Tea,cutting chai,10,Expense,INR
5/8/2018,Credit Card,Health,Health,eyewear Glasses payment remaining,4300,Expense,INR
5/8/2018,Credit Card,Apparel,Clothing,For Family,3410,Expense,INR
5/8/2018,Cash,Transportation,Train,Place 0 to Place 4 return,20,Expense,INR
5/8/2018,Cash,Transportation,auto,Current Residence to Place 0,15,Expense,INR
5/8/2018,Credit Card,Family,clothes,Bows,398,Expense,INR
3/8/2018,Saving Bank account 1,Other,,From Family,100,Income,INR
3/8/2018,Cash,Family,Pocket money,,2000,Expense,INR
3/8/2018,Saving Bank account 1,Dividend earned on Shares,,Redington Stocks,180,Income,INR
2/8/2018,Cash,Household,Kirana,Supermart,18,Expense,INR
2/8/2018,Cash,Food,flour mill,M D sure 4kg atta,216,Expense,INR
2/8/2018,Cash,Health,Health,eyewear Glasses advance,1000,Expense,INR
1/8/2018,Cash,Family,Pocket money,,40,Expense,INR
1/8/2018,Saving Bank account 1,Public Provident Fund,,,12500,Transfer-Out,INR
